feature,coefficient
market_return,1.35957884084682
smb,-0.16352837066495435
hml,-0.07732940142567553
policy_rate,-0.00854138548506056
inflation_gap,0.025434557361262714
