ic,rank_ic
0.9992740967981868,0.998070615473664
