mse,r2
0.00044699341189539796,0.9985132114831092
