term,coefficient,std_error,t_stat,p_value
const,-5.050294926850844,1.3253864949435707,-3.8104318597767697,0.00015204200568774695
size,1.434364306708586,0.12491382581619122,11.482830642135893,0.0
leverage,-0.9299932141219499,1.4370566805709601,-0.6471513801059345,0.517764933292685
post,1.7120669530965655,0.10750478360690251,15.925495551498786,0.0
treated,1.3489819208921479,0.285119754409985,4.731281856228009,2.7448391111128956e-06
