term,coefficient_baseline,std_error_baseline,t_stat_baseline,p_value_baseline,coefficient_variant,std_error_variant,t_stat_variant,p_value_variant
const,-1.8484448059202636,1.2153084302639745,-1.5209676489438708,0.12875877121297075,-5.050294926850844,1.3253864949435707,-3.8104318597767697,0.00015204200568774695
leverage,-0.8806625120549382,1.4469967718185595,-0.6086140129726325,0.5429949176298456,-0.9299932141219499,1.4370566805709601,-0.6471513801059345,0.517764933292685
post,1.8690144309445864,0.10317790820219823,18.114482678616337,0.0,1.7120669530965655,0.10750478360690251,15.925495551498786,0.0
size,1.1592480143860713,0.11517743455772976,10.064888307657414,0.0,1.434364306708586,0.12491382581619122,11.482830642135893,0.0
treated,,,,,1.3489819208921479,0.285119754409985,4.731281856228009,2.7448391111128956e-06
