step,return_a,return_b,return_c
1,-0.011268745659384734,0.004185033338611139,0.016956458785748675
2,-0.00350321135024126,0.001963924916374809,0.011461748863858938
3,-0.0029032558904312873,0.0019373826649233094,0.009183229744424013
4,-0.0034416966178639056,0.0013553210459432365,0.007282046036711077
5,-0.004061428246919268,0.0005919619679556967,0.006217820118057702
