term,coefficient
mu,-0.036537851146284
omega,0.18861581584520884
alpha[1],0.1458575242819331
