metric,value
nobs,648.0
rsquared,0.6123591085865372
rsquared_within,0.6160867947037824
loglik,-962.043277617903
