term,value
Effects,0.2639461442054371
Residual,1.1544564043456325
Percent due to Effects,0.18608690775059877
