term,coefficient,std_error,t_stat,p_value
const,0.006980264636655596,0.001581304746107455,4.414243778018272,1.0136368750210518e-05
market_excess,1.356940785531868,0.004200442395614523,323.0471121205194,0.0
