term,coefficient,std_error,t_stat,p_value
const,0.1797287747885273,4.5372090829097536,0.03961218703046094,0.9689616585366889
size,1.044248721294258,0.3610483740440981,2.8922681733686866,0.011821269910392118
leverage,-2.109415946462011,7.579611791925759,-0.2783013173193227,0.7848491952375234
treated,0.9169732010637386,0.47273839661365363,1.939705358465174,0.07283477566131324
