band,total_connectedness_index,band_variance_share
Short (<= 5),2.7094768327026992,0.3073169246889984
Medium (6-20),9.898532436871148,0.4060932949107892
Long (> 20),15.28663064557166,0.3063137302242194
