term,coefficient,std_error,t_stat,p_value
const,3.520472205336905,0.7185304797314824,4.89954470219902,9.605899391473827e-07
size,0.5914182921177928,0.060548623680332606,9.76765872070346,0.0
leverage,-1.1619510117188152,1.2697703413272448,-0.9150875350453296,0.3601456782208401
post,2.1233886671195847,0.09244492400416701,22.969229408678746,0.0
endogenous_x,0.5065604567690617,0.06380801324678985,7.938821959709684,1.9984014443252818e-15
