term,coefficient,std_error,t_stat,p_value
mu,-0.03267800439828604,0.028872556903735483,,
omega,0.021759000794973095,0.010853429789198775,,
alpha[1],0.09416097358193717,0.05271570136307892,,
beta[1],0.8109769118202905,0.0645415757968802,,
