steady_state_capital,steady_state_output,steady_state_consumption,steady_state_investment
9.354978290145985,0.9950581438095304,0.7611836865558808,0.23387445725364964
