segment,mean,slope
pre,-0.04868861628533481,-0.0011370387278192388
post,0.08759544000001218,0.0014098831747106485
