term,coefficient
p[0->0],0.7875050889319497
p[1->0],1.2575404117584464e-06
p[2->0],0.12114888504372934
p[0->1],0.21249462778981013
p[1->1],0.77548692577435
p[2->1],0.29293115335331965
const[0],0.06586226271725819
const[1],-0.26902524479918816
const[2],0.3684029762035529
sigma2[0],0.032228878116516625
sigma2[1],0.15988520457818364
sigma2[2],0.17000898319416982
