term,coefficient
mu,-0.03267800439828604
omega,0.021759000794973095
alpha[1],0.09416097358193717
beta[1],0.8109769118202905
