term,coefficient_baseline,std_error_baseline,t_stat_baseline,p_value_baseline,coefficient_variant,std_error_variant,t_stat_variant,p_value_variant
Group Var,0.4514288082088168,0.18426149446351384,2.4499356717103233,0.014288173877830457,0.17189018400070186,0.06815961144470475,2.5218774044824137,0.011673038255710717
Intercept,-2.7447854375762404,1.4354323854846645,-1.9121663028729015,0.055854866744958785,-4.925034180865837,1.4066451806290399,-3.5012626131228086,0.0004630592995271254
leverage,-0.8828118302071741,1.4400526371898246,-0.6130413621059907,0.5398489908131673,-0.9398570922426208,1.4216790548376907,-0.6610894976925167,0.5085549200452605
post,1.8137252154017571,0.11836122460776355,15.323643544684915,5.315258230967431e-53,1.7191264580210652,0.11401891201349977,15.077555360443377,2.2753908620329332e-51
size,1.2562037175730136,0.14545405513875562,8.636429671037089,5.799707690931652e-18,1.4219592863679327,0.13466924298937855,10.558901608142875,4.620364475042026e-26
treated,,,,,1.335353097551724,0.26949512444518964,4.955017647539336,7.232372473402504e-07
