index,rsquared,partial.rsquared,shea.rsquared,f.stat,f.pval,f.dist
endogenous_x,0.7739226466374831,0.7732743819688914,0.7732743819688905,2049.5745373126997,0.0,chi2(1)
