term,liml,iv_2sls
const,0.10774651444398842,0.10774651444398842
size,1.1228012275623769,1.1228012275623769
leverage,-2.7788400804415687,-2.7788400804415687
endogenous_x,0.6127154738586196,0.6127154738586196
