kappa,nobs,rsquared
1.0000000000000009,648.0,0.333609833377462
