covariate,smd
size,-2.1095710148995024
leverage,-0.11880889190610276
post,0.0
endogenous_x,-0.04861515103327814
