covariate,weighted_mean_diff
size,-0.66704213054809
leverage,-0.0031686716024159622
post,0.013171171702226814
endogenous_x,-0.051791643816376395
