min_propensity,max_propensity,mean_weight
0.00035798173407811844,0.999771468122381,1.457092646898533
