weighted_ate,treated_mean,control_mean
0.38172042520163885,9.896994379142448,9.51527395394081
