metric,value
nobs,648.0
rsquared,0.5485189178762323
rsquared_within,0.5932000557672636
loglik,-1042.8330940330468
