term,coefficient,std_error,t_stat,p_value
Intercept,-0.1632147958735417,1.2742117234507928,-0.12809079752580435,0.8980771185679421
running_centered,1.6187457048539213,0.3969408102062525,4.07805310825262,4.541439420694466e-05
kink_term,-0.1913307399297962,0.7420514272458718,-0.2578402694270414,0.7965301844550484
size,1.1765059555584683,0.09467660402335037,12.426575368802867,1.8749605777411072e-35
leverage,-3.3038791158934733,2.4348971493512837,-1.3568865185019037,0.1748172711195396
