level,critical_value
1%,-3.997651213253911
5%,-3.4292590796953437
10%,-3.1380781066954264
