term,coefficient,std_error,t_stat,p_value
level_b,0.3863633315212499,0.08450014497726797,4.572339273798742,
const,37.98072990320778,14.115432639624629,2.6907237541263065,
