term,coefficient_baseline,std_error_baseline,t_stat_baseline,p_value_baseline,coefficient_variant,std_error_variant,t_stat_variant,p_value_variant
Intercept,-0.49655866750138533,1.081132798662152,-0.4592947953441538,0.6460224847772296,-0.1632147958735417,1.2742117234507928,-0.12809079752580435,0.8980771185679421
kink_term,0.30857004853752046,0.4624162326158669,0.6672993436929197,0.5045809455262791,-0.1913307399297962,0.7420514272458718,-0.2578402694270414,0.7965301844550484
leverage,-3.2463780347870816,2.0844282672512433,-1.5574429141033064,0.11936536408506175,-3.3038791158934733,2.4348971493512837,-1.3568865185019037,0.1748172711195396
running_centered,0.8472945772603764,0.24472697083277864,3.4622035093930483,0.0005357718656531938,1.6187457048539213,0.3969408102062525,4.07805310825262,4.541439420694466e-05
size,1.201319982050419,0.07793354186099061,15.414671954640573,1.3043148821655405e-53,1.1765059555584683,0.09467660402335037,12.426575368802867,1.8749605777411072e-35
