term,alpha
asset_return,-0.0004675765142264157
return_a,0.007735251225027514
return_b,0.006370682584953992
