portfolio,market_return,smb,hml
asset_return,1.3572418026556772,-0.12035777469342512,-0.0841564565324977
return_a,0.13404280207767189,-0.0771680727040364,-0.11982668882127247
return_b,0.013029407218946177,-0.2805456841875454,-0.24538330044905338
