index,alpha,market_return,smb,hml
asset_return,-0.3009053333970012,315.04524375450285,-1.7472372943820011,-1.0287271059232883
return_a,1.3917189003586021,16.148457256594163,-0.49892487780156747,-1.001613537940802
return_b,1.460994883062968,1.3719254755810293,-1.7000221716389632,-1.4656969960005313
