alpha,aic
-3.4542564259914563,2809.6842624912715
