asset,weight
return_a,0.15158217669226628
return_b,0.5692337889094405
return_c,0.27918403439829315
