equation,mean,std,rmse
eq_primary,-2.785152081528788e-15,1.3270942967483783,1.3270942967483783
eq_secondary,-1.8860084961533524e-15,1.4824161287333282,1.4824161287333282
