term,coefficient,equation
primary_Intercept,1.4108381162178028,eq
primary_size,0.9017732977003587,eq
primary_leverage,-1.883662660184905,eq
primary_post,1.0053801337574082,eq
secondary_Intercept,-4.119009537610693,eq
secondary_size,1.5308931491085203,eq
secondary_leverage,-2.7841708317580536,eq
secondary_treated,0.8086452889717877,eq
