asset,downside_semivariance
return_a,0.0012109545380630767
return_b,0.0008502872519377767
return_c,0.0003879208715265811
