feature,coefficient
market_return,1.3594694887444472
smb,-0.22392999151011095
hml,-0.10047926645344599
output_gap,-0.007272633267391998
