ic,rank_ic
0.9993852498298263,0.9988330091692137
