mse,r2
0.0004371446802605985,0.9987406909724937
