variable,from_others,to_others,net,own_share
return_a,13.113590819069355,5.550726642221737,-7.562864176847618,86.88640918093067
return_b,21.91138056472206,16.76684433953727,-5.14453622518479,78.08861943527793
return_c,10.834920552923577,23.542320954955997,12.70740040203242,89.16507944707642
