variable,return_a,return_b,return_c
return_a,86.88640918093067,6.282162022865911,6.8314287962034355
return_b,5.2004884059695025,78.08861943527793,16.710892158752554
return_c,0.35023823625222766,10.484682316671352,89.16507944707642
