variable,from_others,to_others,net,own_share
return_a,6.131052037674256,6.742127213349303,0.6110751756750465,93.86894796232575
return_b,14.118523447144693,12.82097449354912,-1.297548953595573,85.8814765528553
return_c,9.446021825794482,10.13249560371503,0.6864737779205488,90.55397817420553
