variable,return_a,return_b,return_c
return_a,93.86894796232575,3.7253439369608947,2.405708100713364
return_b,6.391735944143032,85.8814765528553,7.726787503001666
return_c,0.350391269206256,9.095630556588228,90.55397817420553
