variable,return_a,return_b,return_c
return_a,98.0605965193589,1.3866369926828395,0.5527664879582472
return_b,2.8789508576973257,96.56162013757557,0.559429004727097
return_c,0.13481786677258556,2.615829288269996,97.24935284495743
