variable,from_others,to_others,net,own_share
return_a,1.9394034806410887,3.0137687244699007,1.074365243828812,98.0605965193589
return_b,3.4383798624244233,4.002466280952833,0.5640864185284094,96.56162013757557
return_c,2.7506471550425737,1.1121954926853417,-1.638451662357232,97.24935284495743
