term,coefficient
p[0->0],0.9945352763541888
p[1->0],0.019402882781048927
const[0],-0.07011396792432886
const[1],0.13574242928162628
sigma2[0],0.1764809987392959
sigma2[1],0.36032330606230856
