ic,rank_ic
0.9367034429137655,0.9813532977625341
