mse,r2
0.04197167163549152,0.8603939168639009
