variable,return_a,return_b,return_c
return_a,93.12554015159516,3.7772016941581064,3.097258154246746
return_b,4.921802583859056,86.9776352403102,8.100562175830726
return_c,0.2828601319924082,7.510041140746197,92.2070987272614
