series,0
level_a,0.002336189893204576
level_b,0.7815580903313687
level_c,0.624169607937275
