series,0
level_a,1.0
level_b,-0.9636875877889074
level_c,-0.5194338757310656
