term,coefficient_baseline,std_error_baseline,t_stat_baseline,p_value_baseline,coefficient_variant,std_error_variant,t_stat_variant,p_value_variant
const,3.6387272013455467,0.13435021470523542,27.083895692529556,1.524105589571816e-161,3.6387272013455467,0.13435021470523542,27.083895692529556,1.524105589571816e-161
leverage,-0.004607464082997642,0.23699729448666637,-0.019440998653496702,0.984489304384786,-0.004607464082997642,0.23699729448666637,-0.019440998653496702,0.984489304384786
post,0.24944271901114734,0.017170605800526786,14.527310329580484,8.13525056182968e-48,0.24944271901114734,0.017170605800526786,14.527310329580484,8.13525056182968e-48
size,0.07427421450280758,0.011168925597327576,6.650076934936284,2.9293985483887375e-11,0.07427421450280758,0.011168925597327576,6.650076934936284,2.9293985483887375e-11
