term,coefficient,std_error,t_stat,p_value
Intercept,-2.7447854375762404,1.4354323854846645,-1.9121663028729015,0.055854866744958785
size,1.2562037175730136,0.14545405513875562,8.636429671037089,5.799707690931652e-18
leverage,-0.8828118302071741,1.4400526371898246,-0.6130413621059907,0.5398489908131673
post,1.8137252154017571,0.11836122460776355,15.323643544684915,5.315258230967431e-53
Group Var,0.4514288082088168,0.18426149446351384,2.4499356717103233,0.014288173877830457
