feature,importance
market_return,97.09602171235119
smb,1.3905967924286187
hml,0.5790423635130556
inflation_gap,0.49111811354201906
policy_rate,0.44322101816510007
