ic,rank_ic
0.9640969512489033,0.9973631744806741
