mse,r2
0.032328163956800354,0.8924701311830975
