class,mean_probability
class_0,0.18827160493827164
class_1,0.546296296296297
class_2,0.2654320987654321
