equation,term,coefficient
0,Intercept,-1.3711306878731793
0,size,0.28050795220271435
0,leverage,-0.2673597645192486
0,endogenous_x,-0.054421848555938714
0,post,-0.26701795133092354
1,Intercept,-0.4029670452334526
1,size,0.031122368553110534
1,leverage,1.075070950632676
1,endogenous_x,-0.19088678577693505
1,post,0.1162128543446849
