term,coefficient
const,-0.013866908254712554
leverage,0.03315883901799471
instrument_z,0.7398306756106077
