rsquared,f_statistic
0.7737623321124122,1032.8962449967757
