level,critical_value
1%,-3.99715658668426
5%,-3.4290213886201637
10%,-3.137938763154836
