covariate,weighted_mean_diff
size,-0.6658824631281703
leverage,-0.0029804431049254565
post,0.010992789895353572
