covariate,smd
size,-2.1095710148995024
leverage,-0.11880889190610276
post,0.0
