min_propensity,max_propensity,mean_weight
0.00034197461987287887,0.9997697470849086,1.459143205174799
