weighted_ate,treated_mean,control_mean
0.3660675449115427,9.888629193935909,9.522561649024366
