feature,importance
market_return,92.88277319895568
output_gap,2.7348566074318077
smb,2.4205284803735347
hml,1.9618417132389743
