ic,rank_ic
0.9720486374626678,0.9955624155894272
