mse,r2
0.024924749873656078,0.9170953510446866
