ic,rank_ic
0.9366713139134686,0.9804810598752334
