mse,r2
0.042321820889119115,0.8592292511761364
