term,coefficient_baseline,std_error_baseline,t_stat_baseline,p_value_baseline,coefficient_variant,std_error_variant,t_stat_variant,p_value_variant
Intercept,0.10089551493571686,0.051333978195200275,1.9654723534586802,0.04935959244128367,-0.06968805393294739,0.03538619724125879,-1.9693569630503867,0.0489121141613209
_time_index,-0.0011370387278192388,0.0004695967654536397,-2.4213086875094576,0.015464738819323991,0.000401620723233311,0.0003609222091491147,1.1127625650417698,0.2658104169627309
inflation_gap,1.9732614633076628,0.06056450041255825,32.58115645082578,7.583566120746728e-233,-0.03093063815647833,0.0559889446044921,-0.5524418860718568,0.5806456397896778
output_gap,0.9248162120002603,0.06314172256218477,14.64667377563956,1.414739133200787e-48,,,,
post_treatment,0.06574642556050958,0.07052503154471151,0.9322424126648935,0.35121126122312063,-0.12058295565690577,0.05686872248756994,-2.12037391350337,0.03397452483717606
time_after_treatment,0.0025469219025298874,0.001463873826315941,1.7398507007530832,0.08188523713743714,0.0020762324604346634,0.0010118659050033034,2.051884988088303,0.04018084111703003
