term,coefficient,std_error,t_stat,p_value
const,-1.8484448059202636,1.2153084302639745,-1.5209676489438708,0.12875877121297075
size,1.1592480143860713,0.11517743455772976,10.064888307657414,0.0
leverage,-0.8806625120549382,1.4469967718185595,-0.6086140129726325,0.5429949176298456
post,1.8690144309445864,0.10317790820219823,18.114482678616337,0.0
