term,coefficient
const,0.04415978870885079
ar.L1,0.8276097457129469
ma.L1,0.19259839757436187
sigma2,0.09986152876191948
