term,coefficient
mu,-0.030400801051564716
omega,-0.20240176004106866
alpha[1],0.2017469835079717
beta[1],0.8644660833871386
