term,coefficient,std_error,t_stat,p_value
const,3.5204722053374673,0.7185304797314923,4.899544702199735,9.605899391473827e-07
size,0.5914182921177867,0.06054862368033126,9.767658720703578,0.0
leverage,-1.1619510117211895,1.2697703413272252,-0.9150875350472135,0.3601456782198509
post,2.123388667119564,0.09244492400417274,22.969229408677098,0.0
endogenous_x,0.50656045676906,0.06380801324679043,7.9388219597095855,1.9984014443252818e-15
