term,coefficient,equation
primary_Intercept,0.10774651444160507,eq
primary_size,1.1228012275624626,eq
primary_leverage,-2.7788400804366846,eq
primary_endogenous_x,0.612715473858611,eq
secondary_Intercept,3.5453967892976683,eq
secondary_size,0.5972280638270929,eq
secondary_leverage,-1.2486303494877835,eq
secondary_post,2.1529029876401946,eq
