decile,mean_prediction,mean_actual,count
1,-0.8161071878841126,-0.8203846605012031,8
2,-0.4913130438173856,-0.49783677967804263,7
3,-0.28311492806493205,-0.27702048977705224,7
4,-0.06422708573816616,-0.06284974745996083,7
5,0.020332763453446596,0.035187865692192746,7
6,0.11773787901250311,0.10640115614304853,7
7,0.2720151541355561,0.2735505702979841,7
8,0.4225266268667013,0.4222243488700745,7
9,0.5914864407379277,0.5875897191296414,7
10,1.061076625904026,1.0440917809020758,8
