term,coefficient,std_error,t_stat,p_value
const,0.10774651444467054,0.8589998448921848,0.12543251909224043,0.9001811448925257
size,1.1228012275623769,0.06695955386318996,16.768349888597758,0.0
leverage,-2.778840080441597,1.64393847878567,-1.690355275639175,0.09096000598649812
endogenous_x,0.6127154738586214,0.08434552107303708,7.264351041569289,3.7481129311345285e-13
