term,coefficient,std_error,t_stat,p_value
inflate_const,-0.09794349736198008,,,
inflate_size,-0.9160531079379091,,,
inflate_post,-0.16892391543592733,,,
const,2.512871457576916,,,
size,-0.09107869975897934,,,
leverage,-1.3184120911787567,,,
post,0.5480041754921243,,,
alpha,0.031477306988952396,,,
