term,coefficient,std_error,t_stat,p_value
const,2.5047364281530875,0.33760480794372866,7.419137314450132,1.17885645038056e-13
size,-0.09062564165482011,0.029222595340214836,-3.1012181019426817,0.0019272627985947278
leverage,-1.3083426853585425,0.6144452902412428,-2.1293070451314917,0.033228865307149406
post,0.5479352957482319,0.044710151579557315,12.255277076688834,1.5741040734793238e-34
alpha,0.031610800589121434,0.014461232815061151,2.1858994314924014,0.028822963854786283
