term,coefficient,std_error,t_stat,p_value
const,2.3896485885848833,0.9871866487074039,2.420665425037733,0.015492128666602054
ln_origin_mass,0.46763047205931707,0.05340679168490268,8.75601131066462,2.0228142862093397e-18
ln_destination_mass,0.3167776723989342,0.08446946467550927,3.7502033855173633,0.00017669119937322193
ln_distance,-0.799744977503417,0.08615065519994895,-9.283098029228812,1.646209403180116e-20
post,0.19889601670484963,0.027194261088239545,7.313896710025499,2.5950464961076827e-13
