event_time,coefficient,std_error,pvalue
-4,-0.3212581935652823,0.22804800378329176,0.15891485298212837
-3,-0.04281521922321671,0.332362250418619,0.8974993318062605
-2,-0.540461236286985,0.38055302220272613,0.15554959050667574
0,-0.1092752597014452,0.3936982167543611,0.7813493951484343
1,1.2334086964712911,0.44465510588170587,0.005539639840290081
2,0.5786696364280743,0.2650210737184465,0.02900008540373852
3,0.7003256099091706,0.326547920777756,0.03198216173471905
4,0.691044903283309,0.27716869243909653,0.012658732725599866
