term,coefficient,std_error,t_stat,p_value
const,10.127364474883871,0.7295302887799332,13.882034276905596,0.0
leverage,-0.9238715388369355,1.9652572370469457,-0.4701020921948989,0.638282079480107
endogenous_x,0.6667807853912396,0.09715232318933019,6.863251062888316,6.731060153697399e-12
