term,coefficient,std_error,t_stat,p_value
const,0.0067097081737217176,0.0015770166580424847,4.254684400132036,2.0934407654821707e-05
market_excess,1.357383952681004,0.004320494216641281,314.1733062511131,0.0
smb,-0.11664227951042794,0.0687669661207147,-1.6961963874583634,0.08984869438623791
hml,-0.08341633074271648,0.08186004797181577,-1.0190115057278801,0.3081975042418563
