metric,value
nobs,630.0
rsquared,0.04099472977032059
rsquared_within,0.43804027710218574
loglik,-1070.7171751718076
