term,coefficient,std_error,t_stat,p_value
inflate_const,0.038273954717125684,,,
inflate_size,-0.6586337087458061,,,
inflate_post,-0.11067435816212057,,,
const,2.53624083008781,,,
size,-0.09317144042849877,,,
leverage,-1.3224514833431589,,,
post,0.548135290079344,,,
