term,coefficient,std_error,t_stat,p_value
size,0.5492020528994684,0.16000254039957162,3.432458331773705,0.000598135786005205
leverage,-1.437613504551792,1.330969666301936,-1.0801249201615264,0.28008655610793687
