asset,weight
asset_return,0.021951141598683943
return_a,0.3150211192948549
return_b,0.6630277391064612
