term,alpha
asset_return,-0.0004675765142264157
return_b,0.006370682584953992
return_c,0.012196585015012182
