portfolio,market_return,smb,hml
asset_return,1.3572418026556772,-0.12035777469342512,-0.0841564565324977
return_b,0.013029407218946177,-0.2805456841875454,-0.24538330044905338
return_c,0.014200845835196443,-0.14859855447146197,-0.17367049615889912
