term,risk_premium
market_return,-0.020630149709113612
smb,-0.0009389819048766292
hml,-0.002146632418800371
