index,alpha,market_return,smb,hml
asset_return,-0.3009053333970012,315.04524375450285,-1.7472372943820011,-1.0287271059232883
return_b,1.460994883062968,1.3719254755810293,-1.7000221716389632,-1.4656969960005313
return_c,2.6278116720990554,1.7832285461301205,-1.0369235417723177,-1.3323800251697373
