segment,mean,slope
pre,-0.0362749247777349,0.000401620723233311
post,-0.035008089249540214,0.0024778531836679744
