metric,value
nobs,648.0
rsquared,0.6273462233972651
rsquared_within,0.6889842484172792
loglik,-980.6627764658951
