family,aic,deviance
gaussian,2888.4774547937386,3233.0941127558617
poisson,2813.5447257268124,773.5167323879818
