mean_return,volatility,sharpe,max_drawdown,turnover
0.4269776200501173,0.3561049137745126,1.1990219835059104,-0.010859914545707228,0.75
