level,critical_value
1%,-3.458010773719797
5%,-2.8737103617125186
10%,-2.5732559963936206
