metric,value
nobs,630.0
rsquared,0.36704049530470884
rsquared_within,0.5038927118683585
loglik,-939.8377861298243
