term,alpha
asset_return,-1.4456028966473392e-19
return_b,1.6768993601109135e-18
return_c,-3.353798720221827e-18
