portfolio,market_return,smb,hml
asset_return,1.3572418026556776,-0.12035777469342503,-0.08415645653249798
return_b,0.013029407218946208,-0.28054568418754494,-0.245383300449054
return_c,0.01420084583519641,-0.14859855447146209,-0.1736704961588993
