term,risk_premium
market_return,-0.019846050842563214
smb,0.15286600593539418
hml,-0.20391175537551406
