level,critical_value
1%,-5.57556
5%,-5.07332
10%,-4.82668
