term,coefficient
Const,-0.02079763357257713
asse...urn[0:1],0.2648454419945898
asse...urn[0:5],-0.19834835627091735
asse...urn[0:22],0.306389396582596
omega,0.019026904137429284
alpha[1],0.10257192561855163
beta[1],0.8110330361006928
