term,coefficient
Const,-0.025455327709586348
asse...urn[0:1],0.29634515840428377
asse...urn[0:3],-0.21974498097170742
asse...urn[0:12],0.17504744782277448
omega,0.019338708064548318
alpha[1],0.10014396010354708
beta[1],0.8125007202112267
