term,coefficient,std_error,t_stat,p_value
level_b,0.7434976655059293,0.06183455881554019,12.023982700739742,
level_c,0.37866112000590757,0.08512870227247989,4.448101637845827,
const,-51.87841376354845,12.379477137856439,-4.1906789104124815,
