term,coefficient,std_error,t_stat,p_value
const,6.721754804386354,1.1364174451450633,5.914864148823696,5.3894353424510655e-09
size,0.4026950495473883,0.09269813151977599,4.344154978587441,1.6236671896319166e-05
leverage,-1.6830692978390864,1.459626101198749,-1.1530824890407412,0.2493036609651429
