term,coefficient
mu,-0.032677109381956074
omega,0.02176386720444203
alpha[1],0.09416249943972547
alpha[2],1.5418379380252068e-17
beta[1],0.8109517617228206
