term,coefficient,std_error,t_stat,p_value
const,-1.7327361481323846,0.7183432984632364,-2.412128228716347,0.015859702594643085
rdd_treatment,0.8781623450882986,0.3523671941372993,2.492179634481308,0.012696180795144408
running_centered,2.2841517902295894,1.0658942308217685,2.142944134774597,0.032117584480098785
rdd_treatment_x_running_centered,-2.2422710558002183,1.6431100847518703,-1.3646505347441944,0.17236291353096878
running_centered_pow_2,2.2390836221557926,0.9732610883943426,2.300599139178334,0.021414299745941116
rdd_treatment_x_running_centered_pow_2,-2.1961136388261964,1.529135459873317,-1.4361799176432257,0.15095115195643272
size,1.181627409232589,0.07351836895193471,16.07254657683062,3.97418769637439e-58
