equation,mean,std,rmse
eq_primary,8.881784197001252e-16,1.2097168231651634,1.2097168231651634
eq_secondary,2.741291418827547e-16,2.27900968144011,2.27900968144011
