term,coefficient,equation
primary_Intercept,3.3180494273852057,eq
primary_size,0.6066880402907509,eq
primary_leverage,-1.0088621134978333,eq
primary_post,2.1718652935643825,eq
secondary_Intercept,-9.134168769343919,eq
secondary_size,1.546874349021384,eq
secondary_leverage,-7.2917089188331765,eq
secondary_treated,2.80489605032427,eq
