term,coefficient_baseline,std_error_baseline,t_stat_baseline,p_value_baseline,coefficient_variant,std_error_variant,t_stat_variant,p_value_variant
leverage,-1.437613504551792,1.330969666301936,-1.0801249201615264,0.28008655610793687,-1.437613504551792,1.330969666301936,-1.0801249201615264,0.28008655610793687
size,0.5492020528994684,0.16000254039957162,3.432458331773705,0.000598135786005205,0.5492020528994684,0.16000254039957162,3.432458331773705,0.000598135786005205
