term,coefficient,std_error,t_stat,p_value
const,0.10774651444398842,0.8589998448923057,0.1254325190914287,0.9001811448931683
size,1.1228012275623769,0.06695955386319333,16.768349888596912,0.0
leverage,-2.7788400804415687,1.6439384787856843,-1.690355275639143,0.09096000598650433
endogenous_x,0.6127154738586196,0.08434552107303614,7.264351041569349,3.7481129311345285e-13
