term,coefficient,std_error,t_stat,p_value
const,2.821568537696294,1.114792648891662,2.5310254247743074,0.01160986597908046
size,0.6561410680637891,0.09573621798391077,6.853634725512751,1.687663839496598e-11
leverage,-0.9215639668109361,2.02658534789175,-0.4547373086308139,0.6494514800487099
post,2.1627833659113094,0.14406911008657966,15.012124143833226,6.713125201483477e-44
