term,coefficient,std_error,t_stat,p_value
const,3.3410955321868925,1.4641141297412044,2.2819911810956035,0.022489860922177207
size,0.6031223285482472,0.1478103762524001,4.0803788194027675,4.4962364837817733e-05
leverage,-0.9982913157246992,1.9181667946646686,-0.5204403071210599,0.6027567227635899
post,2.185960710828047,0.21034292404957292,10.392366278567408,2.686050774090936e-25
