metric,value
nobs,18.0
rsquared,0.2044800718273475
rsquared_within,0.13070790253897502
loglik,-13.65825442197206
