term,coefficient,std_error,t_stat,p_value
level_b,0.39533907174835436,0.06398945986639576,6.178190479710047,
level_c,0.12607819254944413,0.05057040924085772,2.493121856083001,
const,26.43416918053346,11.909447530895562,2.219596594380871,
