term,coefficient,std_error,t_stat,p_value
const,3.341095532186894,0.8086999905903781,4.1314400532486495,4.080718018650842e-05
size,0.6031223285482474,0.06644184293257197,9.077447312235481,0.0
leverage,-0.998291315724704,1.4273865574025724,-0.6993839969610638,0.4845646097449108
post,2.1859607108280477,0.10251841357115744,21.322615466642826,0.0
