level,critical_value
10,-3.485828175506062
5,-3.7850424463672137
1,-4.364563037084513
