mean_return,volatility,sharpe,max_drawdown,turnover
0.46627794102484416,0.36862068551109334,1.264926140480556,-0.006023813476879747,0.8
