index,rsquared,partial.rsquared,shea.rsquared,f.stat,f.pval,f.dist
endogenous_x,0.77396402566144,0.7721217444928744,0.7721217444928737,2040.0543354750835,0.0,chi2(1)
