term,liml,iv_2sls
const,3.5204722053374673,3.5204722053374673
size,0.5914182921177867,0.5914182921177867
leverage,-1.1619510117211895,-1.1619510117211895
post,2.123388667119564,2.123388667119564
endogenous_x,0.50656045676906,0.50656045676906
