kappa,nobs,rsquared
0.9999999999999999,648.0,0.6238163607047971
