term,coefficient_baseline,std_error_baseline,t_stat_baseline,p_value_baseline,coefficient_variant,std_error_variant,t_stat_variant,p_value_variant
const,10.127364474883871,0.7295302887799332,13.882034276905596,0.0,8.586707346338699,0.51589754076423,16.64421065783468,0.0
endogenous_x,0.6667807853912396,0.09715232318933019,6.863251062888316,6.731060153697399e-12,0.5140816125965846,0.06877886595170467,7.474412459163892,7.749356711883593e-14
leverage,-0.9238715388369355,1.9652572370469457,-0.4701020921948989,0.638282079480107,-0.0673188445625783,1.3739966585620944,-0.048994911409048374,0.9609233511785795
post,,,,,2.461166988666468,0.09286480358870793,26.502688785805375,0.0
