term,coefficient,std_error,t_stat,p_value
size,0.6637153051211625,0.16363345839979712,4.056109988823565,5.618849709376761e-05
leverage,-0.03191688433403077,1.2867089085385266,-0.024805054291792146,0.9802183517829266
post,0.7967154399777453,0.3949483557984968,2.017264860786585,0.04409351284480123
