alpha,aic
-4.3209337234279275,2767.676543439596
