term,coefficient,std_error,t_stat,p_value
const,2.2147138380593363,0.9874506783151834,2.2428602123582966,0.02524515880722089
size,0.8236128522614579,0.10760009658954904,7.654387666613429,7.127631818093505e-14
leverage,-1.7154567513156698,1.39582085346687,-1.228994929438763,0.21952258227682298
treated,0.6910499155555959,0.19606410227323307,3.5246121423724746,0.0004541599067389157
