metric,value
nobs,18.0
rsquared,0.3631593372962806
rsquared_within,0.2884054709705518
loglik,-11.655966719798375
