term,coefficient,std_error,t_stat,p_value
level_b,0.8173303556530316,0.07889729058886769,10.359422352183485,0.0
const,-34.033469942508646,13.17722490750975,-2.582749416617519,0.009801648538993346
