term,coefficient_baseline,std_error_baseline,t_stat_baseline,p_value_baseline,coefficient_variant,std_error_variant,t_stat_variant,p_value_variant
const,0.10774651444332045,0.9487091567894083,0.11357170284721697,0.9096127152201875,0.10774651444332045,0.9487091567894083,0.11357170284721697,0.9096127152201875
endogenous_x,0.6127154738586168,0.0834961908187274,7.338244629492613,6.543500052063737e-13,0.6127154738586168,0.0834961908187274,7.338244629492613,6.543500052063737e-13
leverage,-2.7788400804406637,1.759985672957632,-1.5788992621575497,0.114850192447854,-2.7788400804406637,1.759985672957632,-1.5788992621575497,0.114850192447854
size,1.1228012275624386,0.0771204343866124,14.55906254279799,1.0200151648832657e-41,1.1228012275624386,0.0771204343866124,14.55906254279799,1.0200151648832657e-41
