term,coefficient,std_error,t_stat,p_value
Intercept,-0.49655866750138533,1.081132798662152,-0.4592947953441538,0.6460224847772296
running_centered,0.8472945772603764,0.24472697083277864,3.4622035093930483,0.0005357718656531938
kink_term,0.30857004853752046,0.4624162326158669,0.6672993436929197,0.5045809455262791
size,1.201319982050419,0.07793354186099061,15.414671954640573,1.3043148821655405e-53
leverage,-3.2463780347870816,2.0844282672512433,-1.5574429141033064,0.11936536408506175
