term,coefficient,std_error,t_stat,p_value
const,2.4068542734958633,0.7327796372005612,3.284553979543934,0.0010214392958801382
size,-0.08776222506782391,0.0630504709706477,-1.3919360746516936,0.16394175656182253
leverage,-1.1098340991409006,1.333351121249442,-0.8323644698336545,0.4052032506782923
post,0.5428864330656369,0.09498993999499429,5.715199242090747,1.0957556096412028e-08
