term,coefficient
sigma2.irregular,0.0005904809399740844
sigma2.level,0.018581920556219544
sigma2.seasonal,1.2671098784332022e-11
