asset,view_return,posterior_return
asset_return,-0.02817401134408786,-0.027535155234846287
return_a,0.0052996114295005845,0.16928553844197342
