metric,value
nobs,648.0
rsquared,0.24907543508417274
rsquared_within,0.23805964433374993
loglik,-1207.6751341039783
