asset,view_return,posterior_return
return_a,0.0052996114295005845,0.10541988879796504
return_b,0.006892059032125631,0.14867467656116937
