term,coefficient_baseline,std_error_baseline,t_stat_baseline,p_value_baseline,coefficient_variant,std_error_variant,t_stat_variant,p_value_variant
const,3.3410955321868925,1.4641141297412044,2.2819911810956035,0.022489860922177207,2.520053952719398,0.2573894026467323,9.790822492323738,1.2328885659347745e-22
leverage,-0.9982913157246992,1.9181667946646686,-0.5204403071210599,0.6027567227635899,-1.34021778653072,0.4818131282350811,-2.781613260394215,0.005408945347419654
post,2.185960710828047,0.21034292404957292,10.392366278567408,2.686050774090936e-25,0.5488273668268113,0.03599245783303993,15.24839924443852,1.687188716645043e-52
size,0.6031223285482472,0.1478103762524001,4.0803788194027675,4.4962364837817733e-05,-0.09104835064785242,0.025418877422044264,-3.581918632208819,0.0003410800356320473
