term,coefficient_baseline,std_error_baseline,t_stat_baseline,p_value_baseline,coefficient_variant,std_error_variant,t_stat_variant,p_value_variant
const,0.10774651444398842,0.8589998448923057,0.1254325190914287,0.9001811448931683,3.5204722053374673,0.7185304797314923,4.899544702199735,9.605899391473827e-07
endogenous_x,0.6127154738586196,0.08434552107303614,7.264351041569349,3.7481129311345285e-13,0.50656045676906,0.06380801324679043,7.9388219597095855,1.9984014443252818e-15
leverage,-2.7788400804415687,1.6439384787856843,-1.690355275639143,0.09096000598650433,-1.1619510117211895,1.2697703413272252,-0.9150875350472135,0.3601456782198509
post,,,,,2.123388667119564,0.09244492400417274,22.969229408677098,0.0
size,1.1228012275623769,0.06695955386319333,16.768349888596912,0.0,0.5914182921177867,0.06054862368033126,9.767658720703578,0.0
