term,alpha
asset_return,-1.772309151289638e-17
return_a,7.170190367370803e-18
return_b,1.043725291379379e-17
