portfolio,market_return,smb,hml
asset_return,1.3572418026556776,-0.12035777469342503,-0.08415645653249798
return_a,0.13404280207767205,-0.07716807270403635,-0.11982668882127287
return_b,0.013029407218946139,-0.28054568418754544,-0.24538330044905368
