term,risk_premium
market_return,-0.021190207807134046
smb,0.07754766504660945
hml,-0.11787198873523856
