decile,mean_prediction,mean_actual,count
1,-0.8822015592553273,-0.8895940209725156,6
2,-0.5611884261551829,-0.5603043669011352,6
3,-0.38402459780315223,-0.3851097561785359,6
4,-0.17201658389010746,-0.1727634599195311,6
5,-0.012145104253416092,-0.0091085964807012,6
6,0.0940079460812034,0.10448734973564827,6
7,0.2764796448829132,0.28549593897897685,6
8,0.45669932158878196,0.4463080994696471,6
9,0.6310316202074975,0.6253465558252821,6
10,1.1944480873265066,1.179826563883517,6
