series,0
level_a,-0.0005588516474630245
level_b,0.6170747727230209
level_c,0.9344472576277459
