series,0
level_a,1.0
level_b,-0.8878038880586592
level_c,-0.661289291989922
