rsquared,f_statistic
0.7738778469032042,686.1157089111642
