term,coefficient
const,-0.024523200029168052
leverage,0.03905645697020316
post,0.017046628153618314
instrument_z,0.7390482078992413
