term,coefficient,std_error,t_stat,p_value
size,0.6278321189009508,0.130032476848708,4.828271629643952,1.7330018544647885e-06
leverage,-0.7602442598192457,1.0444207949145123,-0.7279099224383722,0.4669408994893294
endogenous_x,0.6938183161985721,0.03839914540017086,18.06858743776847,0.0
post,0.6014362997062772,0.33247096432538403,1.808988947130015,0.07093233064093551
