metric,value
nobs,648.0
rsquared,0.6015965389202594
rsquared_within,0.6130328777673333
loglik,-970.3580353530176
