term,value
Effects,0.3113418840612818
Residual,1.1526151660611896
Percent due to Effects,0.2126714605699912
