donor_unit,weight
firm_02,0.0597222539683302
firm_03,0.015685882456782388
firm_04,0.1166908463033845
firm_05,0.31866184553578314
firm_06,0.48923917173571974
