period,rmse
pre,0.9069160626351163
post,1.2181088049256588
