donor_unit,weight
firm_07,0.17831996511372106
firm_08,0.3847212304275118
firm_09,0.3222923124025336
firm_10,0.11466649205623358
firm_11,0.0
