period,rmse
pre,0.7612748538615043
post,1.308547099553876
