term,coefficient,quantile
const,1.7608292710003752,0.25
size,0.6385520238502522,0.25
leverage,0.030103031829639804,0.25
post,2.2629021926692303,0.25
const,2.821568537696294,0.5
size,0.6561410680637891,0.5
leverage,-0.9215639668109361,0.5
post,2.1627833659113094,0.5
const,4.145804679824323,0.75
size,0.5619511985895542,0.75
leverage,-0.011473681197458063,0.75
post,2.346772830476638,0.75
