term,coefficient,std_error,t_stat,p_value
const,2.520053952719398,0.2573894026467323,9.790822492323738,1.2328885659347745e-22
size,-0.09104835064785242,0.025418877422044264,-3.581918632208819,0.0003410800356320473
leverage,-1.34021778653072,0.4818131282350811,-2.781613260394215,0.005408945347419654
post,0.5488273668268113,0.03599245783303993,15.24839924443852,1.687188716645043e-52
