term,coefficient,std_error,t_stat,p_value
const,3.568618913386441,0.714692104472696,4.9932256017007335,7.657620362255813e-07
size,0.588276797657442,0.06061509674735552,9.705120163535943,0.0
leverage,-1.2058791070741712,1.264695271226888,-0.9534938055902914,0.3406982311003932
endogenous_x,0.6425269567205819,0.05712395103890939,11.247943201319028,0.0
post,2.106593629796464,0.09222246600690202,22.842521144888973,0.0
