term,coefficient,std_error,t_stat,p_value
level_b,0.39533907174835436,0.06398945986639576,6.178190479710047,6.484046632948548e-10
level_c,0.12607819254944413,0.05057040924085772,2.493121856083001,0.012662538116318567
const,26.43416918053346,11.909447530895562,2.219596594380871,0.026446163668520928
