term,coefficient_baseline,std_error_baseline,t_stat_baseline,p_value_baseline,coefficient_variant,std_error_variant,t_stat_variant,p_value_variant
endogenous_x,,,,,0.6938183161985721,0.03839914540017086,18.06858743776847,0.0
leverage,-0.03191688433403077,1.2867089085385266,-0.024805054291792146,0.9802183517829266,-0.7602442598192457,1.0444207949145123,-0.7279099224383722,0.4669408994893294
post,0.7967154399777453,0.3949483557984968,2.017264860786585,0.04409351284480123,0.6014362997062772,0.33247096432538403,1.808988947130015,0.07093233064093551
size,0.6637153051211625,0.16363345839979712,4.056109988823565,5.618849709376761e-05,0.6278321189009508,0.130032476848708,4.828271629643952,1.7330018544647885e-06
