term,coefficient,std_error,t_stat,p_value
const,2.520053952718871,0.3149413944299829,8.00165998274045,1.2275296394954194e-15
size,-0.09104835064782785,0.02729570262020894,-3.3356294913770896,0.0008510650756556517
leverage,-1.340217786529704,0.5746773799716417,-2.3321220448868876,0.019694271639932835
post,0.5488273668267841,0.04204009007591586,13.05485706228777,5.96218309071694e-39
