level,critical_value
1%,-5.27644
5%,-4.81067
10%,-4.56618
