level,critical_value
1%,-3.4582467982399105
5%,-2.8738137461081323
10%,-2.5733111490323846
