equation,mean,std,rmse
eq_primary,7.456312659210928e-15,1.5359151828483086,1.5359151828483086
eq_secondary,5.26327952414889e-15,1.3658079202083164,1.3658079202083164
