term,coefficient,equation
primary_Intercept,-0.14744559655016515,eq
primary_size,1.1477448118418556,eq
primary_leverage,-2.673084053710593,eq
primary_endogenous_x,0.15379353434376514,eq
secondary_Intercept,1.5406140567397635,eq
secondary_size,0.9074096494873074,eq
secondary_leverage,-2.168184999862061,eq
secondary_post,0.9267413701678385,eq
