class,mean_probability
class_0,0.18827160493827155
class_1,0.546296296296296
class_2,0.2654320987654317
