equation,term,coefficient
0,Intercept,-1.354902932187015
0,size,0.2790951045591411
0,leverage,-0.2783425084659857
0,post,-0.27319172990083773
1,Intercept,-0.33684788545552546
1,size,0.026290730317799348
1,leverage,1.032003647866745
1,post,0.0931857749400469
