term,coefficient
sigma2.irregular,3.3926713095042137e-11
sigma2.level,0.11067900048482363
sigma2.seasonal,2.0497344613777122e-11
