treated,post,mean_outcome
0,0,9.031738576080604
0,1,10.820814344829785
1,0,8.070741492696929
1,1,11.3442655579118
