level,critical_value
10,-3.0691938435491175
5,-3.3695249776369396
1,-3.9520120523313715
