term,coefficient,std_error,t_stat,p_value
const,0.005732830735404638,0.016810459402631876,0.341027606568985,0.7330827991151638
inflation_gap,1.9941585374484923,0.06559288135951893,30.402057298236024,5.159549428995504e-203
output_gap,0.9259517470767081,0.06457315722907216,14.33957679646839,1.2380811856097715e-46
