variable,from_others,to_others,net,own_share
return_a,6.874459848404846,5.204662715851471,-1.6697971325533745,93.12554015159516
return_b,13.022364759689786,11.287242834904298,-1.7351219247854885,86.9776352403102
return_c,7.7929012727386056,11.197820330077468,3.404919057338862,92.2070987272614
