term,coefficient,std_error,t_stat,p_value
const,4.145804679824323,1.0641210297744264,3.895989801745724,0.00010802513673841205
size,0.5619511985895542,0.0912462407569636,6.158623017536951,1.2920499423330104e-09
leverage,-0.011473681197458063,1.8348844850398305,-0.006253080938339832,0.9950127322523865
post,2.346772830476638,0.14718798456883983,15.944051665297804,1.74932039011918e-48
