term,coefficient,std_error,t_stat,p_value
Intercept,-4.925034180865837,1.4066451806290399,-3.5012626131228086,0.0004630592995271254
size,1.4219592863679327,0.13466924298937855,10.558901608142875,4.620364475042026e-26
leverage,-0.9398570922426208,1.4216790548376907,-0.6610894976925167,0.5085549200452605
post,1.7191264580210652,0.11401891201349977,15.077555360443377,2.2753908620329332e-51
treated,1.335353097551724,0.26949512444518964,4.955017647539336,7.232372473402504e-07
Group Var,0.17189018400070186,0.06815961144470475,2.5218774044824137,0.011673038255710717
