term,coefficient,std_error,t_stat,p_value
const,8.586707346338699,0.51589754076423,16.64421065783468,0.0
leverage,-0.0673188445625783,1.3739966585620944,-0.048994911409048374,0.9609233511785795
post,2.461166988666468,0.09286480358870793,26.502688785805375,0.0
endogenous_x,0.5140816125965846,0.06877886595170467,7.474412459163892,7.749356711883593e-14
