metric,value
nobs,648.0
rsquared,0.1297763583207222
rsquared_within,0.1263203429669404
loglik,-1255.447326247789
