term,coefficient
mu,-0.033999048698443335
omega,-0.18447708556546122
alpha[1],0.28080887135789223
alpha[2],-0.12236163473169075
beta[1],0.8768321798234626
