term,coefficient,std_error,t_stat,p_value
const,6.463380218727497,3.3642664872420562,1.9211855669691669,0.07392033372166917
size,0.4179065097392936,0.19933962902050834,2.096454738040567,0.053410244579970456
leverage,-1.7072591359328855,9.389379593800228,-0.18182874798886417,0.8581515001598519
