family,aic,deviance
gaussian,2888.4774547937386,3233.0941127558617
negative_binomial,3305.2163998574115,180.47561822642353
