equation,mean,std,rmse
eq_primary,1.166693627853004e-14,1.4696771172280527,1.4696771172280527
eq_secondary,6.42558708573177e-15,1.2426521463954796,1.2426521463954796
